age,sex,edu_lvl,baseline_madrs,lh_caudalanteriorcingulate_thickness,lh_caudalmiddlefrontal_thickness,lh_inferiorparietal_thickness,lh_inferiortemporal_thickness,lh_isthmuscingulate_thickness,lh_lateraloccipital_thickness,lh_lateralorbitofrontal_thickness,lh_medialorbitofrontal_thickness,lh_middletemporal_thickness,lh_parahippocampal_thickness,lh_parsopercularis_thickness,lh_parstriangularis_thickness,lh_pericalcarine_thickness,lh_postcentral_thickness,lh_posteriorcingulate_thickness,lh_precuneus_thickness,lh_rostralanteriorcingulate_thickness,lh_superiorparietal_thickness,lh_supramarginal_thickness,lh_frontalpole_thickness,lh_temporalpole_thickness,lh_insula_thickness,rh_bankssts_thickness,rh_caudalmiddlefrontal_thickness,rh_fusiform_thickness,rh_lateralorbitofrontal_thickness,rh_lingual_thickness,rh_medialorbitofrontal_thickness,rh_parsopercularis_thickness,rh_parstriangularis_thickness,rh_posteriorcingulate_thickness,rh_precentral_thickness,rh_rostralanteriorcingulate_thickness,rh_superiorfrontal_thickness,rh_superiorparietal_thickness,rh_supramarginal_thickness,rh_frontalpole_thickness,rh_temporalpole_thickness,rh_transversetemporal_thickness,lh_superiorfrontal_thickness,rh_parsorbitalis_thickness,rh_middletemporal_thickness,rh_postcentral_thickness
-0.0500089598782305,0.17976485683218016,-0.05888568662296612,-0.16408746545897476,1.0807604411528522,0.6100613634264797,0.17537415149852886,0.13660973277615812,-0.6373910906290381,-0.470706527655021,-0.6459397486508598,-0.4371500588557773,0.4249732636215464,0.041300422785254025,-0.5563996767371456,0.29126169835835064,0.5883458849987893,0.5481695520108925,-0.26048939102803714,-0.4411662782633972,1.3004443368653646,-0.25802816294551767,0.7635083643123443,-1.3721456504726657,-0.806797306702502,-0.690987155564128,-1.0026713877476423,0.5681360879542656,0.6142753696568368,0.4235324270028643,-0.5118027210451616,0.3730970487204758,-0.3132884948606558,0.6368554909441126,-0.4867711052061335,1.056948314172788,0.4592545828978688,0.374762780025352,-0.20501981334211822,0.8118862603109243,-0.3631563382393003,0.4638843147434005,-0.286991929966409,0.21621519822922605,0.003916806839355624,0.1766787809735239,0.360946360831466
-0.05393885612593494,0.14003532477663097,-0.1312040332361659,-0.1885572482824176,1.2080737428619406,0.31971102702723914,0.6733132470383587,0.8002057940863504,-0.9913412424751002,-0.19253795899728088,-0.7706701409570176,-0.7602666359113992,0.5691023254019882,-0.374388033688157,-0.22882701711921075,0.23940399425764092,0.7005227525013147,0.5954780889735445,-0.7293974771107857,-0.22349860040179728,1.1904058402281998,0.15500622613930723,0.8219722994145188,-0.7657523759906244,-1.2488462122828836,-0.5815141383528585,-0.6982036847737032,0.0889621106022343,0.5269270451204167,0.4876951121586037,-0.21865339710804343,-0.17693520412209884,-0.20195716977714812,0.6429874993920028,-0.7630620228311742,0.6152403916599751,0.854455650023196,0.3018620539342559,-0.04822212093100043,0.5663357110581956,-0.3261736569889157,1.4145781739368064,-0.6574439711045369,-0.015132101792729093,0.05993023531392932,0.13117338131559755,0.20228698268773998
-0.05149348198070519,0.06828535782172598,-0.12276337415556077,-0.1374049511761134,1.3548098893028702,0.4304538482927122,0.4025665635298843,0.22646422045574452,-0.9094032773455079,-0.39952437370923993,-1.3893864353058167,-1.0892264254264967,0.4189894972044721,-0.24120046967471231,-0.097576890593349,0.14895870661717284,1.0814015263680086,1.0439994928744163,-0.5313295061512375,-0.3555775730408905,1.7141375950024347,-0.028136073512870733,1.1689572603931873,-1.036045449470843,-0.4925987210218122,-0.3766719521855693,-1.1391974909505187,0.3689713919507233,0.33990148413756877,0.5042280060983303,-0.3766807625946281,0.2682210756635874,-0.32429898384574035,0.5977110941884152,-0.29156655412108806,0.5462075560466174,0.1742715411442814,0.3002540631623621,-0.393536414676021,0.6726833566330243,-0.14561077651416046,0.5278539057076307,-0.6383167619518901,0.27873980617203753,-0.18517946991956477,0.36879267029248214,0.42280283145868053
-0.05978344073680928,0.126978483841493,-0.11145336236564611,-0.15226024394994278,1.1188012555058935,0.4811096715305988,0.46354471640715134,0.3825862525911867,-0.39996915280677,-0.6101217697925092,-1.333988611899511,-0.4210751873776502,0.5990422815280175,-0.20279258828969782,-0.4669667927917036,0.7363450126562081,0.7993121911730854,0.8590589679568744,-0.8261121408206972,-0.6505225318852319,1.4184663834231874,-0.5344804009425822,1.0670935594812943,-1.2451481151821888,-0.610466320963768,-1.1283629899164807,-1.2404192611652407,0.47857824683050676,0.8145871790738557,0.8355401759998368,-0.2385868517172446,0.5556040414223985,-0.11259129996787723,1.0428127304583525,-0.6756797924684393,0.8844977521559825,0.05445928498581941,0.6427072496549541,-0.6978379664764326,0.5327651056705964,0.11275499876544608,0.7423254874373761,-0.7039303669380683,0.4547894719731835,-0.03956505601530221,-0.16261653135992096,0.4249377824153306
-0.05250292049871777,0.5256593008415869,-0.023332409361912186,-0.14212039992655165,1.1663223856328715,0.47041932276307946,0.4763342775034881,0.00967960028066323,-0.6291918267545786,-0.6994069723805092,-1.0931413730673691,-0.42285534820417603,0.638367989427139,-0.13155966011029196,-0.5234679099638349,0.8190123363046011,1.0866751299801827,0.8469379604044541,-0.3437796542151478,-0.48608581091551933,1.4447989949574995,-0.34643819362541667,0.9309804069525264,-0.856036123654614,-1.3005625112324188,-0.6438785617535407,-1.11822292978229,0.3395298484463891,0.6983883158151326,0.46036433653149617,-0.4883127450092106,0.7781886956854128,-0.14251002978236868,0.6769164827619942,-0.5721451569750369,0.795074202203687,0.23097490079728256,0.35298380483881703,-0.5799793986960863,0.5855135541132206,-0.07173189226109142,0.5736232594394531,-0.9024030775296779,0.33290152977248466,-0.17634448038157127,0.12595295055738773,0.30955648706013217
-0.10941628592101568,-0.020881025703386794,0.006162993415418339,-0.1914162634866736,1.3769369593344676,0.5624969478206295,0.48745789647331,0.5007487966560693,-0.5833066970705189,-0.22768030111397863,-0.7728853700333328,-0.5624542032668364,0.7594454582013689,-0.42622859685696285,-0.09503797731973083,0.5384248403738753,0.8933877366837958,0.7499411582618439,-0.653658884236586,-0.4567517269985561,1.7933853803067745,-0.20388411863141614,0.9633249794605738,-0.7595730626508908,-1.316054304352025,-0.6328770145702877,-1.0118991640218764,0.3186849382973262,0.4520128990524075,0.37104709635799177,-0.553080965780332,0.4889887890585233,0.07387509708431714,0.3824382486989679,-0.23683147611925157,0.7101603199816143,-0.019752148093921087,0.581209934552278,-0.46199646469824085,0.8532389285122638,-0.0508564415052246,0.17594504899434063,-0.6040155455041015,0.37946873944535614,0.12612745357584354,0.25464370777546236,0.3132362951688918
-0.08186433727876477,-0.043559784652617145,0.03922579789100709,-0.16973783552094443,1.612318798832037,0.618164065890381,0.3259353188480104,0.4322640190018809,-0.7608763004730804,-0.19860183407906468,-0.7604920937272739,-0.7523513367484556,0.6204949820220872,-0.18176448327584774,-0.3506013920667273,0.17268588739043772,0.7214106960759084,0.5811224952210768,-0.4136024295379364,-0.5470968296511911,1.3194454174549857,-0.3384210943869441,0.7366564943106046,-1.0486805060136422,-0.675414832928539,-0.674937197572142,-0.9307837609688047,0.5539593730140632,0.6281179657178231,0.4777134480310999,-0.157305059505426,0.343084779367627,-0.1577676279206475,0.26124096971810645,0.036143477825683515,0.796262984012861,0.06356767323411372,0.5290474096549985,-0.323638426039693,0.5512633913008443,-0.26031735879861323,0.193033278356173,-0.643435945443976,0.36804170895919125,0.11393388240878882,0.1251065029607793,0.17503566195553819
-0.10295899367599863,-0.07604493171533666,-0.021388332489003646,-0.17015039416317868,1.690817630207913,0.5562335784377254,0.24348423915797804,0.49256308491091094,-0.31272195874311304,-0.29693159940158254,-0.5935128492885466,-0.7591652946455055,0.23619053560950173,-0.6814481937400264,-0.04669713139786926,0.2459479432902823,0.5805877696413709,0.65326797553549,-0.4677274800365623,-0.20861116392229287,0.9208033054556428,-0.17405732306473007,1.1110809199915916,-1.0278285628379418,-0.4963289499250817,-0.46520678785902697,-0.6994661336056449,0.4853345631606967,0.5413875673451894,0.6725180257012461,-0.36813185660854114,0.38196430921748836,-0.29701884882780705,0.3237401125768823,-0.3618516573916914,0.5639164274886437,0.33067613789651196,0.6721687375645441,-0.25969715006035154,0.8702914993971305,-0.39916186022921907,0.18115990152218253,-0.6910744125831927,0.6647848485042447,-0.08954089715782808,-0.06878060482660318,0.36769137670247565
-0.05096111007358643,0.6484810333295566,-0.15587346627168447,-0.17996054580849766,1.6605397904612949,0.3712153524655434,0.5243689341031397,-0.12829518860656472,-0.8163461778894341,-0.22398562789449916,-1.324269215594537,-0.47581833437967885,0.307285402915924,0.16394758452537936,-0.1632513854611863,0.5158589616328724,0.4565385911874868,0.7725765458199461,-0.5684319324384088,-0.3952007508897824,1.6207723645884937,-0.3126174847735447,1.308986733799979,-1.3869917059037848,-0.09732369066417425,-0.29597368380674527,-1.1759930734386417,0.16171354688251358,0.7119545514688306,0.5730415326847644,-0.6102421582560275,0.590404410756609,-0.024255853734164307,0.45435692816414563,-0.6422913281568097,0.4294882965842527,0.005990761414123079,0.5313006496943767,-0.30372571950286975,0.6938477521910427,-0.14031080333141394,-0.053598479984727186,-0.4788803566231021,0.5505539741691402,0.09836242532837931,0.07356342678445969,0.3483807726697243
-0.04383829741060879,0.3894632656836642,-0.08614000038725868,-0.14825055397537346,1.7011474973908343,0.5182981280420903,0.3580572878698265,0.14739591309939737,-1.2659283421796685,-0.15117969330868375,-1.4209511116838458,-0.7638062985365967,0.3932725075506313,0.2373013721245983,-0.06531568503282965,0.6050552475926638,0.7120784449947478,0.7777471613763328,-0.49823189981662275,-0.25490775917003833,1.3484410309385488,-0.0672761120826233,1.0065288946294528,-1.110704420240469,-0.9963005327755291,-0.5035686649000881,-1.2158033413854124,0.002891518743446873,0.7814191660976747,0.5946073069370635,-0.4328733404976538,0.007059504937949714,0.06193098013832603,0.8402475436139764,-0.33960037389935177,0.5071929419153957,-0.2237244193046593,0.48443512285512375,-0.2871550084836232,0.5570332622551344,-0.4740260649343847,0.5108585358592941,-0.45067662553759513,0.42768260785839246,0.13467803875223766,0.17214593865370195,0.41101170335537485
-0.05668766670972808,-0.09396468302988324,-0.20229138462114737,-0.23174258478187987,1.3482307888362846,0.8022554731873995,0.3217580644343292,0.7030166920796702,-0.8034421180148308,-0.4951001950227107,-0.5922516017575956,-0.4518817559852526,0.5385199670549403,-0.14236724731045625,-0.5258532853949262,0.31855222672604805,0.41108609312380184,0.6156503997305904,-0.32827418633834277,-0.329168322100622,1.6739485535304133,-0.03901575698134032,0.8811840553938366,-0.7538186876298428,-1.417291993745429,-0.3275730308617371,-0.6170831672928044,0.48386983935056527,0.6314231585510692,0.5129502758240971,-0.2333763031219485,0.29376239731613607,-0.20212362751043397,0.7890666906663765,-0.3166881700773705,0.828567277720965,-0.041261490197559536,0.49344972333157683,-0.05267528776504877,0.41650790295882795,-0.7668967067912452,0.9128175387997111,-0.45074278542057716,0.2601957099750627,-0.20350533244106608,-0.05479755470362036,0.1558087061910019
-0.05642813695294582,0.3034043758004734,-0.12106592640866683,-0.17294028684622031,1.5912233627045163,0.4209002607861985,0.3015573182293952,0.36729522655407265,-0.6135947645277369,-0.2453910997422976,-1.128378049029483,-0.5904153951296136,0.39139664701135835,-0.011894472515948912,-0.6935505247887956,0.36728131475304904,0.9376484747392078,0.606780903081203,0.015504417795563302,-0.40377252266785585,1.7055607807735795,-0.2749244610780735,0.7342044059437957,-1.2091287695149606,-0.839785396733931,-0.2869297638931055,-0.9343790205841013,0.4219778765271854,0.6911404793394497,0.46258411934974736,-0.6789021598164796,0.7032758442900944,-0.3917871969153424,0.7804384222408257,-0.6416771692873151,0.6224166415951936,0.27655227391354315,0.23714288524885493,-0.47303634041493237,0.7342425733912424,-0.5957359811885926,0.47934946554246205,-0.3503532557274357,0.1487760604630963,0.2139341438589084,0.16329272250649932,0.2635801251708372
-0.05719682228289657,0.1597757044593885,-0.03855261538198352,-0.18429857847079387,1.3932756597535547,0.4144089639441328,0.22261659127919664,0.32585938661481195,-0.8482137007443855,-0.6179670498592125,-0.9614122004408138,-0.6389122262944743,0.46420501518813284,0.005234208566490368,-0.28804954132755656,0.31168667505292635,0.9368334407482347,0.6994414812023975,-0.14663120025204673,-0.12227203029641952,1.1008825121951238,-0.12942642486255776,0.6802609150403194,-1.3886681521686082,-0.9538308318118994,-0.04550929414629243,-1.117020279317051,0.37960281371817933,0.5252918182140549,0.4893442933503672,-0.5826729527626376,0.33477824339337003,-0.2800086753939235,0.913348029000992,-0.45001557018424226,0.5460696764572865,0.6519579389669555,0.09675010780277854,-0.3435896351905323,0.5152389454134413,-0.79883960565081,0.6165062744637573,-0.23771035828275938,0.15309191407749967,0.529912967573914,0.18270439145528367,0.28094559999391083
-0.08734704505851282,0.6266614385350407,-0.19324446490095967,-0.17365469473100198,1.0706123343415272,0.33206820053925296,0.6994657267218635,0.5537912043829791,-0.3605403667266815,-0.17330579336882274,-0.9233274060610671,-0.9763313234466403,0.5548533197060083,-0.00259975755693749,-0.614942820503005,0.25813138200372426,1.242152451640383,0.7535295087342458,-0.6585009996520359,-0.2768878059570764,1.4041484696670021,0.10238936136048772,1.2333782224864507,-1.186225765650393,-1.1413452116551546,-0.4265814425793367,-0.6752817960912681,0.31042407395050103,0.6186394690989264,0.6824740100557888,-0.025097796950530323,0.5962281643830891,-0.3052495341621156,0.5370794328033779,-0.08275438245174654,0.6578475968639833,0.28501150516569645,0.6150715937351975,-0.25089089550448274,0.8083824578989929,-0.5299501793604456,0.43696764729133736,-0.43066101717948785,0.2307336863770352,-0.3899677514517287,0.09955754871903354,0.28757572044676194
-0.0496579380051602,0.0710754612812248,-0.11701062821010286,-0.22235989661390468,1.083094220793502,0.227153643771429,0.6419760961629912,0.4941152289502573,-1.145134056994491,-0.46850973437814386,-0.8237449340874652,-1.0565491621966718,0.43768562716575654,-0.7709374825170533,-0.24140568480006097,0.9988226367844847,0.7644518274051355,0.6259375561084446,-0.7662923832130448,-0.5360769120389478,1.1855872051140455,-0.07240560386427791,1.0119087798484803,-1.2768434910805755,-0.6947388022459405,-0.06348328064229197,-0.31744019080140173,0.302174286796428,0.38671138338640826,0.38280173523911765,-0.5153893101399974,0.34842380480105756,-0.0011914171463683642,0.7934132979369521,-0.5487883950581859,0.4948304506699302,0.6329485318703683,0.5982515466502198,-0.394607392862923,0.8723310951955959,-0.6375465617381068,0.791936176551911,-0.4070217203125666,0.14035453292030148,0.31548759023638256,0.02221880202067616,0.36295824803464
-0.025290566998793996,-0.059412849679167136,-0.07168705840080797,-0.13357192865071515,1.7696146165687958,0.26095734159923045,0.36051291977664246,0.5368354576444453,-0.2630211520939992,-0.368459183570209,-0.8283862712335732,-0.5772683643880435,0.5074853269941504,-0.19430362950493613,-0.661279908610418,0.4099658704299149,0.900865602237004,0.4499388392007566,-0.21998703342542872,-0.5418237076515301,1.608755886778614,-0.4527846751874967,0.8770984745160877,-1.390525950041492,-0.9541484324351104,-0.7828286709943617,-0.660339788462361,0.4480729309804721,0.389993264237197,0.6183950657486946,-0.537813526695959,0.5534555837143724,-0.20147326616456887,0.5699332071481499,-0.48696575722415275,0.8552786711235445,0.26904872312824585,0.4879733941470126,-0.6452989214968556,0.6886375184521146,-0.7864614666432838,0.26310920294917883,-0.9840997546606219,0.19741040262144224,0.1350953096578408,0.1776567116356306,0.1997205791065619
-0.058920588082541824,0.5245471972974184,-0.14582159792447943,-0.13955608383955215,1.1681360011073845,0.5928491352858911,0.491884598606402,0.48483092333589156,-0.41174115353359464,-0.11324912429673958,-0.9215071376548826,-0.40590733365995185,0.682063678233651,-0.23700745204868412,-0.09270115488857363,0.12362066800826826,0.8060908339294732,0.4883988697124144,-0.21057495536017398,-0.20390203550747282,1.172494633543374,-0.11938162244189753,0.7211599535815565,-1.6572018833874596,-1.2277203569772333,-0.4574534222038342,-0.7313510388139463,0.6591337348922061,0.5217273566431189,0.4559725509318013,-0.41077242249952745,0.15682126802514085,0.08609493085067028,0.4643909456664087,-0.1970783722757328,0.5317286165976193,0.2539268704203075,0.2957572089693129,-0.26406020666457813,0.8049490627372594,-0.3572119117386763,0.5693757592302989,-0.5291347475058836,0.14629253860011163,-0.47037120903467244,0.4426985626001483,0.25051988586017937
-0.05581066129405323,0.29285249625554893,-0.10767288374986025,-0.13056179074464938,1.3392920377530255,0.5253381303940908,0.6229369401508041,0.43913102294516426,-0.8376434551078146,-0.38767759082050124,-1.1667101911137172,-0.6510669041016321,0.8798782997799082,-0.04075514201418301,-0.40604551619025775,0.5553381006870594,0.9006912688962893,1.1728813896247878,-0.4941335665103767,-0.46894934589529386,1.4269945936122046,-0.28590647204294883,1.0560398381545741,-1.3035888618386025,-1.1058772692683696,-1.0977362263442716,-0.8988552332486246,0.26575379917574493,0.9331771860948365,0.340561676484169,-0.5151670102983888,0.2475476614327853,-0.3501160412720727,0.6380357710869045,-0.4625955070979077,0.8052290011266625,0.34599700937593575,0.18417499815684077,-0.33916733309526054,0.9667475680715637,-0.18869474941938327,0.4264735607824686,-0.8608323176763863,0.1867264274608271,0.05872432675692905,0.12299207702556608,0.640966048863642
-0.04723650020271612,0.024363758894507852,-0.06725821904088823,-0.13007163958673487,1.0603777105761991,0.5540995658091569,0.4481926420711458,0.5191964628204659,-1.0516970199221785,-0.040670669807644624,-1.1432810967566718,-0.5112745204409723,0.7203655189731678,-0.33915989018249554,-0.3749685946032763,0.4515227730357831,1.0208785721774705,0.8664994239753601,-0.3974934871857748,-0.19460734670028187,1.427552726909349,-0.16770171163780787,1.011195162579168,-1.3157111387483773,-0.9791628757277675,-0.5754594990735447,-1.2775268359567695,0.18136538073333394,0.6535909971557017,0.4476486420912381,-0.5825993497751136,0.5053937685364276,-0.46413585327630236,0.7144367503033129,-0.8685673007925778,0.7217611905393189,0.6492194144677171,0.3522903644172153,-0.2724875122258196,0.6607067048465731,-0.4789087425970721,0.5569526704963065,-0.6374560303495018,0.24359426682434066,-0.12910678318886415,0.1466581241646119,0.5121083472297044
-0.003549833084310315,0.6855149232292167,-0.10534009351590529,-0.16694053794205949,1.9423536235168284,0.7646131713020584,0.038861419547254895,0.5077652383497224,-0.9990247041385583,-0.32513018487139433,-0.8006617429369824,-0.5270299089027404,0.41857714240757454,-0.38422844002685397,0.039109211084245574,0.33473009120953057,0.7426800616230002,0.45842140984360985,-0.30806313657486306,-0.4004899722023917,0.8604229344737694,-0.5412755530385855,0.6755589123293295,-1.737088245345957,-0.4733207465139836,-0.8207521459664946,-1.4701017358506185,0.5511483238743421,0.8487965459569813,0.6239139071605334,-0.5694538880055462,0.2635450018348172,0.1260867759658949,0.4136753187746548,-0.45108321807770707,0.5374680933830073,0.226099629066103,0.6276590777999539,-0.6074764056071412,0.34958870882271337,-0.26714996250641476,0.9522641410332573,-0.8255991947200093,0.5420437039492005,-0.05969462739630996,-0.0006314008104597061,0.08402293964894215
-0.08651100588622349,0.24633816171671563,-0.2848107979739172,-0.246713473350864,0.7319657154716238,0.5977691978724509,0.8111667600212323,0.44832859088698973,-1.3010778081658088,-0.27663981376625424,-0.7999387409232748,-0.5863203245705461,0.7852815443458494,0.24301890341836818,-0.1788918308392914,0.3365411651640589,0.8573028496808998,0.4690724275583888,-0.34307002444734364,-0.01908054349384803,1.4246244876535314,0.015689048457677886,0.8644558534127599,-0.7955993017257448,-1.5124121804402761,0.3883555571474009,-0.4189174823310902,0.5705213660922182,0.28092277223120626,0.465086203136897,-0.30740966862441277,0.5317113473593047,-0.15723826658341872,0.5524520244716055,-0.6019703608072741,0.645503557295692,0.5672152606046681,0.44926996345482,-0.13133356286470918,0.539955468658335,-0.6935205737951778,0.7287358400802973,-0.09641163083887541,-0.037897020368711926,-0.016708138890200248,0.2748406244288996,0.1621417457982375
-0.05696054852474846,0.5837405275054866,-0.13063184759705931,-0.13987501908316427,1.4713638170420922,0.6306482086975966,0.4497570218693889,0.4589365276308491,-0.4546240742519303,-0.4629490658636578,-1.0640401413721126,-0.7033561639237067,0.5152448071222407,-0.26716124325459145,-0.3466308776780412,0.10118240075603561,0.7444948572102174,0.5825952485865328,-0.5380230272891914,-0.31511940124266064,1.7445760814265143,-0.20323370793130677,0.9708497900690416,-1.0870897708107423,-0.8952443567796617,-0.014921626213141193,-1.3788607183744925,0.46124420051800835,0.6372861453152909,0.5577125771767897,-0.7046527362698761,0.43009147855777263,-0.2660166524782355,0.39634392805144164,-0.35799717880972864,0.5999655362369888,0.019250777507102787,0.4607577918142338,-0.1917316519597898,0.8474923940901626,-0.43836192053351924,0.3502009507511957,-0.30532134424124624,0.22291106647234546,-0.07778967887868514,0.09095210903238642,0.28532069405893845
-0.04193454462085484,0.12822962119958603,-0.19844447254603617,-0.13250364945444545,0.9167506859606869,0.37655912390589114,0.5609268413485891,0.3746965112073457,-1.0229788593195452,-0.510350234855683,-0.9309961734296233,-1.0072902604352139,0.6288087365064943,-0.1384562649891185,-0.3553487299980373,0.5499751180923531,0.939826733847127,0.42303587264368164,-0.5796977641043062,-0.4235200150239047,1.3360367088165446,-0.08609607559026308,0.827453065587147,-1.3118569918800649,-1.495953719496367,-0.028794620302955033,-0.6829518557744255,0.2644478192979282,0.599166895988705,0.5808617655570741,-0.5871105364933759,0.5377587580802017,0.10269040863577812,0.89053648409774,-0.12777703292390474,0.6986568885044114,0.6254887141119745,0.5000757734513981,-0.0915268963873696,0.44201241415829967,-0.6525156333911147,0.5260495931284337,-0.02852997317450092,-0.09739034960750095,0.003483337304898248,0.3583990239182977,0.08287711689552026
-0.04288207743465578,0.07941261963054215,-0.017200932568065583,-0.1751052153165219,1.5325970675352665,0.7004630750948999,0.2782628106487638,0.38620567245062365,-0.40870303217852477,-0.2941421303308027,-0.7969020972252843,-0.7840100645308592,0.22741136011143276,0.040836734696467654,-0.5426461885276627,0.4340160517825659,0.4741797410244088,0.8878994207040103,-0.6591374485693873,-0.32678922207655153,1.2751721079574787,-0.18479586545522902,0.8517911245335912,-0.5847937224089665,-0.6801815859405295,-0.9225196876975529,-1.2118518974950763,0.19252384447711704,0.7184625304631912,0.3530115471550139,-0.5401482138699337,0.11808062345949091,-0.18713603785073604,0.8179472160929576,-0.413097682806234,0.506473789898466,-0.07592797284164507,0.38481839096470966,-0.4007310415037826,0.5401553850991416,-0.46757541979817174,0.9919914354539281,-0.4498146892273347,0.3827169091895989,-0.1118747081758622,-0.03162633457794848,0.2731285728591453
-0.02524095536944471,0.6756488560012838,-0.06349116398272427,-0.1486536389938622,1.5741399129570097,0.040131707803058705,0.6182503816508328,0.17967253761796512,-0.5765093662130436,1.5041795683844576e-09,-1.1580466231964863,-0.6323041005768447,0.4016259197456039,-0.028498811800727584,-0.426059384216299,0.17275144071888907,0.8665616493960274,0.6031733936857363,-0.6652824315769765,-0.41815866079316166,1.6578466604077113,-0.4067744318763356,1.1063644958543977,-1.1812704177771256,-1.2463244889862475,-0.8250898182744014,-1.1613469210848482,0.1041297185897656,0.7317521870372573,0.6091574872930808,-0.5117514927289573,0.29640826676982246,0.14381335430090547,0.4104173144887542,-0.4465267077548971,0.7605150505333231,0.34008459831605287,0.18100487980974245,-0.49795563672497833,0.8472514031533451,0.06894920799131947,0.5751136159028597,-0.5304535415766918,0.05217160280197487,0.007044219429091141,0.3345457342455125,0.10545193647586416
-0.0578106792957625,-0.056650920236514926,-0.16447728580573476,-0.17003433964339468,1.3584346133507437,0.5566311837920644,0.27570221459379984,0.614152929956471,-1.012482832163127,-0.554760962019899,-0.9427270395213603,-1.0098975820111904,0.5730550030035059,-0.1650829546430951,-0.33063795575346283,0.46137159597246674,0.9338400479432588,0.7190772663781942,-0.4061066092208994,-0.4059425451942253,1.6842380133103487,-0.3867334010280764,1.0188356182166882,-1.044491584552797,-0.9810642986981205,-0.274036239586639,-0.38838489331424686,0.1335662529421626,0.26521765432700284,0.345218960018724,-0.4972083244437821,0.34716534236114527,-0.19903257644662686,1.2589899913781721,-0.48018809742512436,0.7770072352180076,0.49541260772458284,0.5172473758437641,-0.46375087011295435,0.6915516704700873,-0.6375870595727291,0.15715572941852315,-0.31735989764558403,0.07949436013790397,0.16064779772051543,0.3605374856822003,0.2889647755837558
-0.048222746115575914,0.4881232500876311,0.01579160729168185,-0.21004436069828572,1.0598473645229571,0.2548527690475127,0.7046029312693348,0.21800129888368325,-0.9953950571110441,-0.5513085672780188,-1.1949216492221573,-0.21167091146751976,0.3494737418538731,-0.16753191511560864,-0.13237731164825434,0.8590748626154422,1.2073112699830597,1.3947096007176394,-0.7425099276925862,-0.448430259509045,1.2458997771058036,-0.1889272774731423,1.2799615436230856,-0.5587195147145636,-0.563696831848532,-0.4322813492081129,-0.9802839807905317,0.1917321456379595,0.3956707721060762,0.46655636958386437,-0.7583231465426924,0.21046566109239845,-0.1981315296923118,0.8130455525507743,-0.7874852835942198,0.28225777886888664,0.31118609895589644,0.2904504556250312,-0.4660440882457517,0.9166628203076618,-0.22311791268452108,0.1718041740361239,-1.2045378391214792,0.3138497779400792,0.3331095404928505,-5.2347008613878904e-08,0.38792900244437134
-0.010996519688171547,0.4191744801627035,-0.24416364079424235,-0.1962831360398749,1.6688963787464928,0.24800481009476444,0.34398411760166253,0.15790688957454627,-0.6611508323251392,-0.3081304109458321,-0.7958718068902919,-0.723783602979607,0.13886250010137682,0.4140627791996578,-0.1785141586030704,0.403685201101445,0.7521804523169434,0.6155198194396191,-0.4447648908794365,-0.34301851108745435,1.3361853774715964,-0.15255072838394151,0.8672072717394762,-1.1916039855705118,-0.862511159858082,-0.3390254175916259,-0.6655279520953808,-0.07003001030784925,0.7143561821411786,0.29559646047952615,-0.18752359185677883,0.49372819170575166,0.034442907750636076,0.22937872916543076,-0.1927352806637166,0.515945648041028,0.24859432109030766,0.4201929210657713,-0.2996557310440258,0.49780419970459383,-0.8662118675957523,0.6233184652522322,-0.2338459703119273,0.23533209088565088,-0.22877109269481577,0.35474059968075794,0.19950492387084162
-0.05393305253145289,0.30237380718303336,0.015571151090619737,-0.22112466259152555,1.3162240707700705,0.4611421519830752,0.32593134686959657,0.14540628255187674,-1.3560323730276986,-0.2981193979640986,-0.9980769246762418,-0.7423929328048019,0.4957124744717409,-0.19144635484727232,0.029219912522463615,0.5148549501741522,1.0624352896298639,0.7353242180797065,-0.28109714255461077,-0.34601919673793186,1.6642689552922556,-0.21460975176747205,0.7534333419225011,-1.330957219970421,-1.3720144408258825,-0.5459931584549306,-1.3529474570067332,0.23461509219173435,0.7462992194341155,0.7676487015621447,-0.6336828011524699,0.5850840754893291,0.23155717501020334,0.7886200027214065,-0.3058425519708267,0.9168986088237941,0.37595719309312126,0.4141925044513096,-0.248432694873348,0.2882628121482697,0.024191608520352972,0.33296406682563157,-0.773726641147156,0.13905308709848005,0.35098977435775325,0.266969291025025,0.1488657225466487
-0.023003768161691723,0.8044736161357577,-0.10243458755524808,-0.16077242246483814,1.172460569508609,0.4967402374819399,0.13906914977005322,0.22725726871552382,-0.6136129263721948,-0.3249467394401394,-1.1627508935816273,-0.6401424842235861,0.4571631963282078,0.021915694414647413,0.15272262204950277,0.375856261514617,0.9449523531302252,0.6379838740791887,-0.5615866434508944,-0.15549196265074303,1.0188969763537166,-0.46918180769075735,0.8050345576789457,-1.6663105883946003,-0.897333490448568,-0.33944371616006946,-1.2364994790597754,0.24949985236554414,0.537113385155858,0.49426760411794707,-0.622482212534396,0.4646438438024801,0.0035929279370813133,0.659631496263207,-0.48800170421540334,0.6589019332358723,0.4690402845477216,0.3818320164168696,-0.6216237014702719,0.7858915504601219,-0.1608577702552403,0.42110140941807916,-0.5488137596168621,0.2828764939004902,0.028779683258422915,0.46988772143811497,0.33727594206763645
-0.08137640623209494,0.488153226597897,-0.11738402020260123,-0.1678986602160902,1.2364367919768866,0.5963392670235692,0.6366679328328655,0.6302378712772774,-0.8345384040688285,-0.19085182281049412,-1.1879693997355745,-0.7664041621589198,0.7065422937076761,-0.307135413081037,-0.5411093972417577,0.28805412998173296,0.7537399870466642,0.6719202148152066,-0.3088123359459373,-0.4146440710430653,1.6771905283385928,-0.06514853878113544,1.00333874211724,-0.9788887068699208,-0.6341933971194067,-0.7989590269855827,-1.17037301214154,0.46947185966325466,1.0619807771404466,0.5475108682720193,-0.3379040085765315,0.2319371307524222,-0.3526721413708376,0.7392887992844283,-0.675821989528468,0.6893036463755473,0.35952218738073394,0.17700094848049802,-0.29800798476386653,0.685143822942357,-0.4790327681679185,1.031895712287572,-0.4432940370476864,-0.05934575742929545,-0.33233613376837184,0.3802913938303669,0.2036907040244869
-0.044346898673636406,0.002718925845345914,-0.11119796119029864,-0.17347661227706643,1.6676611514355546,0.21569575648435957,0.39528310270375944,0.4292479392637171,-1.1471080328846688,0.0851094935752742,-1.1322853507075676,-0.1218366513604158,0.43577641620355734,-0.08058496708477311,-0.26990194541537155,0.20737425206754062,0.9201710418231773,0.40316655546740887,0.046230472493103754,-0.46227588201983394,1.8438699528665654,-0.31755868238029755,0.9596240096646999,-1.347891265272609,-0.9416043492623883,-0.4136870184089,-0.831392285931732,-0.0022447322490044986,0.8528905554203057,0.6854449305212377,-0.3505558422017994,0.6237796981964976,0.01804806710120123,0.5875175428918432,-0.6027686575345753,0.6405573832118683,0.27182330224013024,0.33124751164199184,-0.40173767940072685,0.6505565872505752,-0.5057730546812023,0.044255427864294455,-0.8657757492128142,0.230552451465209,-0.0010531069538840833,0.37840290001003485,-0.001419341435002307
-0.05706101325140535,0.34544012236117033,-0.06253726446137445,-0.14591338828506392,1.2618593564988514,0.5393522467817824,0.48249810015484196,0.3060129799943502,-0.6382067552831532,0.0074305616233414015,-1.1222943036142206,-0.7530122845352095,0.6207630272908504,-0.3157568237183213,-0.46949836482152657,0.3906266680817744,1.2311987956234136,0.7208274995040095,-0.2067643346459046,-0.29541194007412186,1.5400530117691733,-0.09644727515144609,0.9283866462729615,-1.2209867429463095,-0.8492538576251478,-0.7697754797808957,-1.0828711675924008,0.20874647899821303,0.6585353023070921,0.58230515089651,-0.40174787812082513,0.3391879320293872,-0.04755334021394276,1.1359939046553287,-0.47484842527027193,0.7040857048635322,0.0034709591983647977,0.3555996421669373,-0.5986928500160315,0.5562521983075481,-0.41610073439670237,0.42280304916356365,-0.7136715392141698,0.0419728228169745,0.08310127473926279,0.353624956453582,0.08280463642641248
-0.06362897490069565,0.04503114282952911,-0.3346613710242657,-0.1657685769519766,1.2570348758057097,0.40167766474943484,0.9051777682360748,0.3740915183736231,-0.8082700244913695,-0.2649993765756841,-1.0968687123614302,-0.818038498627179,0.5199172256308581,-0.12036859400249574,-0.6118800266346212,0.24905035659318578,1.1244358024732835,1.0186729022296188,-0.44484781998706785,-0.40218279320868644,1.363396046975187,0.21571215481946956,1.2214838314951069,-0.9994185324799932,-1.190714343674423,-0.3625841513547408,-0.5162387852421481,0.0787671009357918,0.587108786404863,0.033184179729635145,-0.05073011178077327,-0.14660220594319812,-0.21095699286582265,0.4531043993066488,-0.5125875459984102,0.8132368574645177,0.6083013152775972,0.44306467526008386,0.056912384804751706,0.9473549928824977,-0.6503485278283209,1.156025263982258,-0.47629105281296696,0.07894850551201599,-0.1134123330143069,0.3240341400369724,0.41930889699650037
-0.06818640329096172,0.13034570674441864,-0.22136536832599435,-0.20572867273883458,0.7829163880797141,0.7590126493077767,0.48906250469585133,0.666902503268904,-0.7003794348674613,-0.3330465761590734,-0.5405265595563976,-0.6720195846601649,0.6450992206714854,-0.5244910082346829,-0.03335030011238339,0.7741177723768053,0.9741382863529342,0.5365515899621096,-0.13558359075761772,-0.3353917930864688,1.4182574049457426,-0.11879361857240144,0.6733295750594522,-1.6304205859293577,-1.3902299529895323,-0.3422757843085902,-0.5689182603039181,0.4510966113883511,0.2901460428120329,0.4725752357566598,-0.3646047583584063,0.33980117820496375,0.010271519267902306,0.750106139905919,0.2158927281074666,0.8069802912432787,0.1722845549191868,0.8136782677049247,-0.39413678156017107,0.8733556235492904,-1.0828770596314687,0.5577893703259487,-0.4147038962367063,0.40822767549963423,-0.0757888765752434,0.2039638038098149,0.19823492471869558
-0.052687063820474785,0.18333858277187948,-0.09710438334473839,-0.14316215196120832,1.2878778521425875,0.3307230339158409,0.19624444890398648,0.14463774093743037,-1.2163186333352973,-0.08550436525066639,-1.0480780766298798,-0.6297768472920809,0.25104751672748615,-0.3031760211940005,-0.6862118306115663,0.2595328835360825,0.9830602227657239,0.7742959051260963,-0.4102165483293279,-0.26943579304613324,1.4695889770983497,-0.25332698824129013,0.9085957141886385,-1.2148003804248702,-0.7443083666682917,-0.5273997841944724,-1.0421046207375617,0.22468317215333247,0.5065461660206321,0.48868456386723147,-0.7741885804196824,0.35513481104678823,-0.26291117620351717,1.1219602445644141,-0.5217149911369369,0.36860364179311245,0.6133398262352857,0.48123099405274733,-0.37338612205999216,0.7804893424116718,0.24098651712450528,0.5321525287938175,-0.6548358602963861,0.24362378667308962,0.4620257358949945,0.33920345097986965,0.5047752477438683
-0.06816971976834477,0.12840521389785528,-0.04151258203125289,-0.143452326967031,1.3770757260140702,0.35768674209268464,0.5691238555680967,0.22315976949544655,-0.6184840596369056,-0.31955112339680397,-0.941437181773308,-0.6295143494773082,0.7503589038351185,-0.4794240826154798,-0.20898371886016892,0.31264841130919524,1.0365141193874237,0.9476553635491722,-0.17271022578119666,-0.2659258658697891,1.7226879585933623,-0.25780398854680964,0.9773259657228102,-0.6204402917440135,-0.8283243557549992,-0.5598702919015591,-0.974119766803623,0.10196811202133729,0.1957293169636243,0.3380955254717353,-0.4754173747954735,0.22327139308063776,-0.4920739028830328,0.44895766110427593,-0.16910782964839915,0.6961836637825242,0.41491505079435936,0.1667398827988653,-0.4835950794329086,0.8117388451803753,-0.08647266838881175,0.5584275377570836,-0.9551960892871321,0.09071199685061147,-0.3819370597325546,0.18732938673489477,0.5231656818370193
-0.07064798730905739,0.0072761612531669455,-0.23401672102300783,-0.17405462389657508,1.1873680826327997,0.5672558644277197,0.7842137551785415,0.40330551327188024,-1.1617410039606302,-0.3377898583304192,-0.7110948849567446,-0.9545494545178755,0.5260151280230532,-0.09370170747070808,-0.23807356161205315,0.5223783007860179,0.5274218840723146,0.6782018518603489,-1.2303460107846678,-0.5064468644172737,1.390504407914349,-0.33135885948031957,1.2195717685598184,-1.1407152872746673,-1.4262910088366823,-0.08038903515133228,-0.8631671351126002,0.5930027549465234,0.5179056577355612,0.6082617089710572,-0.6113898909733678,0.8796737571104142,0.016262195090021556,0.3705556830150152,-0.5349080414270625,0.746619306441956,0.26229627757143187,0.8988671570761396,-0.34387228973718326,0.9282385243981638,-0.30707899081262263,0.764180001165901,-0.32051068527705356,0.26610691363797784,0.25747879203972796,0.05198694399098404,0.2659167932613556
-0.04640928944821985,0.0948457818181913,-0.0768487109097974,-0.1650380174088995,1.5841659176983476,0.5368911376929263,0.4366104098584272,0.5744650282253188,-0.6876685440193172,0.1872263955017826,-0.8430245923724392,-0.6144681311304181,0.39377282800451435,-0.15532198800215768,-0.47377586186852966,0.07703179711439279,0.845103525827697,0.6701534311658768,-0.2658628651960926,-0.5073591244515211,1.8619426779641728,-0.3182026937470947,1.0973662290547042,-0.5735231155350546,-1.1536134602208192,-0.3128129253798369,-1.064171466239258,0.32622821648096945,0.7559148972760689,0.39679217567430464,-0.6758352941998286,0.37391726165533307,-0.18248409152706574,0.3500147982169572,-0.8746975738293026,0.620962833050452,0.20314062557623044,0.2856278402154336,-0.37997054768781213,0.7434428735271685,-0.4779714131331034,0.12894674113391155,-0.6043467761606067,0.2817950461336468,-0.08191976858228292,0.22869479460061648,0.14712528879991343
-0.05999705618160996,0.22529064044145913,-0.06593418094960056,-0.1849654626467595,0.9647321734658437,0.8887613011791284,0.6893823346731928,0.8276694236361263,-0.5462572263937131,-0.6308537454906497,-1.2488855296216332,-0.9728172890622783,1.0685836616527389,-0.2826803447944044,-0.6466730520694047,0.07396920517537171,1.0688503861497032,0.8514303017387039,-0.4567373781893533,-0.2927276268465446,1.4264150138631788,-0.19183778213089756,1.1025967051853112,-0.5970893808853783,-0.9626499606859815,-1.0046476679794711,-1.4870858271120218,0.847899828529419,0.627906876732716,0.4842725166187951,-0.43676756057281396,0.7592420649112004,-0.6826710963797906,0.5258614041664297,-0.219637453113462,0.7021774306315071,0.15324161412061713,0.08863987510506069,-0.3084316783640954,0.6120596738517639,-0.14478790634874691,0.7631739981425631,-0.3999784976839929,0.16598559268585558,-0.5440551874948105,0.28802462551049524,0.4023387942667868
-0.06641990955586877,0.716344328072009,-0.1184973411765993,-0.16909133850420394,1.120891660839955,0.6460210557747329,0.20911023879686247,0.6559057059330774,-0.914852764984776,-0.1790316083797859,-0.8398916610128716,-0.5637418705333667,0.8797920963574203,-0.44535702034542574,-0.17874756671589775,0.04120058433527895,0.8057434735714812,0.6760769076203104,-0.1629674629091343,-0.35394813110490947,1.1878006019979923,-0.25761566946104414,0.6085909536157939,-1.6281955492080955,-0.3994110846787675,-0.4253250179105207,-0.7909758866499481,0.5787119852754398,0.5811908003133366,0.49068860686544313,-0.2480757719821692,0.4292173211790068,-0.28349278733769856,0.6012208021209872,-0.4425895868084903,0.5286173812713373,0.6188389747948099,0.46711480431943925,-0.42093473358655686,0.6659708834397323,-0.18666496656906112,0.24687164900084765,-0.4658392499709825,0.16534533690866532,-0.2513668102911557,0.23544326572231097,0.30602865099931775
-0.04845021856044301,-0.06727678190749992,-0.0645243928272419,-0.14118357531966777,1.2243137322442832,0.6230761184948647,0.3541614427533482,0.41720672851301405,-0.32750744489317013,-0.2579105865338753,-1.0833410773738443,-0.7478775692157011,0.29714421250585643,-0.38648827510493866,-0.5298951912838384,0.42741061364113236,0.7619698765640666,0.5726320355079229,-0.7038484411708783,-0.268391018888947,1.0187978868587853,-0.1563035829625524,1.0085226918105934,-1.4156041731610347,-0.6490807839522452,-0.5002496507123824,-0.7852592755829345,0.4994618149658674,0.6308687573634071,0.49333267015745624,-0.5817477816821375,0.7342644173842638,-0.11577956862081203,0.6143495292421977,-0.8107301557216173,0.795164400333688,0.339578712311649,0.6327611094002701,-0.2115921963191871,0.7825139062415146,-0.48607462877346347,-0.0064359654365746645,-0.2978705170010766,0.43857851861779995,0.06463962172969782,0.09624612487632386,0.31894788052958395
-0.030439102425352242,-0.2358324211652169,-0.10200638155543124,-0.18017826651363114,1.2906032254774775,0.3060178653338815,1.0342981329136647,0.5049610247417101,-0.4608299383734728,-0.03488705123085599,-0.8486417598196777,-0.5252824216432609,0.5307325733540645,0.0228236295015633,-0.4560929927411467,0.8619567449563792,0.6473759331235087,0.7205203245111813,-0.2198429776059955,-0.11896931499620378,1.4046426056392738,-0.032583306642831704,1.0850171294000814,-1.5747866424616057,-1.003121794806992,-0.7134744316326666,-0.7768682938235656,0.14056695288084986,0.42218939912001335,0.5465353229562422,-0.3598290923214648,0.41525667160782753,-0.3354124040591603,0.8933917644848168,-0.9363910865928109,0.7673383409832569,0.0022358540473254936,0.48391568517025285,-0.5256801675041938,0.8221912959029803,-1.1474190200918053,0.3497453970295191,-1.3215397125435746,0.34115764103079205,0.2852393614820836,0.21389864975719655,0.14409778220868366
-0.0494502611763641,0.28060520969288516,-0.09089797659024297,-0.17171311685226243,1.385237867924366,0.510375356248362,0.3893482625996686,0.043892017805932736,-1.0306020056325802,-0.23103777043620133,-1.1583723127016308,-0.5865869193021376,0.5907346427459572,-0.23014870210146363,-0.06206223572672643,0.8549723804133471,1.0524548296399547,0.7097662458847767,-0.5484694630791634,-0.32682384380774454,1.0865529952735082,-0.39472924968896594,0.8835050785172128,-0.8982160478334235,-1.0837409753295348,-0.3306301285004167,-1.1215135798694373,0.25752557789015007,0.8416573897937628,0.5547065637590638,-0.5878348351568823,0.7866710545047655,-0.12751353702466486,0.768209722968469,-0.8919548066707685,0.6179463422598145,0.5913784629512885,0.19383385493421074,-0.5405269324944361,0.6317096374207974,-0.09285464505665773,0.3785329493136433,-0.3619161971268255,0.08277210424533905,-0.03210401760123056,0.24392319643617896,0.29982326432238676
-0.05522426703656878,-0.10735046435664464,-0.058915544753710775,-0.17201015718006807,1.4374099259040722,0.5228338015083482,0.41716581558813853,0.19258121432467082,-0.49931283308236507,-0.466664118301906,-0.5896844858110942,-0.19407686705685603,0.4633207365255572,-0.4789187757874182,-0.6503725697230787,0.8020175225510038,0.7866757675601855,0.5726312964268724,-0.11545706277406613,-0.24075285021182088,1.902090032800776,-0.38244846075215866,0.9753628127356139,-0.7736803139161267,-1.0351545153579103,-0.4760285285068751,-1.0806220214216455,0.3018845063350278,0.5470942183985029,0.475398669716667,-0.7452996267612603,0.40908056594950565,-0.3348377168612272,0.9613103031220512,-0.7415644257323668,0.6268422770306697,0.6174359410176484,0.2885922026434607,-0.4074285552118706,0.43162975873468673,-0.9211421923988806,0.5277803628202666,-0.85907807437406,0.29843310836787523,0.05733251186229782,0.080324076747696,0.23889083093010158
-0.04735940975870411,0.008677092640814696,-0.06197038557113239,-0.18268044130995467,1.371467586201817,0.5399857585836464,0.35206680347493213,0.6932216873684142,-0.5490268667671879,0.0364165897020492,-0.9921360066752964,-0.9256127379381643,0.5277548258263153,-0.06830769598743469,-0.571144691101035,0.04130633596405301,0.8227622872243456,0.5375855950752343,-0.19358004166851864,-0.3346185760341508,1.8411550632690914,-0.2125916928298685,0.8237118966431017,-0.8896900755228605,-0.9487550597530944,-0.7666524552758175,-1.1805549539691127,0.33944962962510394,0.7209956776941832,0.5682444469869852,-0.3513401528502594,0.1764261545284188,-0.17933114585172472,0.8720690942533389,-0.7318870999907291,0.823981097905513,0.13883134481755563,0.45376939624427975,-0.43988561169307466,0.3442684148156423,-0.24912496043849955,0.8099163809131396,-0.9909635806501103,-0.013318862940234988,0.05329922660946384,0.4175563560006922,-1.9568467138631864e-08
-0.07984252109535069,0.4338446483964828,-0.21577040765239047,-0.2124714813163101,0.844113860652104,0.1923431542198698,0.6275472853818228,0.45061326079832315,-0.710060048914866,-0.14552332695306158,-0.7506761200843844,-0.5864236027883636,0.2998792393864225,0.2578159464219884,-0.20565747403900872,0.3245897616516781,0.5490675593100118,0.5268634613793662,-0.4565810138676634,-0.03024627890303055,0.8146274850480261,0.08163658538095311,0.7042663112268175,-1.400449597810901,-1.1796667493077237,0.1625265339006166,-0.3548076362613999,0.46893267636109937,0.5831109528422459,0.4419642945690789,-0.18621776147183644,0.5604103938208921,-0.04727634500363218,0.6367203324418104,-0.3414419971363237,0.5083402804356286,0.630509185157546,0.3210086373795123,0.0025979391299837157,0.6640840781148553,-0.5135688375075098,0.5552647071263312,0.05595757430738776,0.06230241593360058,-0.08049558741885976,0.12866046091951808,0.34914517209578244
-0.06954405219607025,0.4912568258825728,-0.07880917828981383,-0.11591845851934876,1.3232408471270376,0.35533563451115463,0.4673007541542018,0.2971343609485215,-0.5982541361842517,-0.29063693415498615,-1.0447537294500633,-0.26980734509826115,0.5807366784066325,-0.03512751774373423,-0.5464993766676058,0.580453328881814,0.924053012368524,0.47905055789275064,-0.5171748726648563,-0.6423654284599882,1.4759178811922309,-0.5360863576555297,0.8952812332492321,-0.9865345957109735,-1.5330500548286459,-0.6549751609420651,-0.8766982229918177,0.2422086824241512,0.6976332378825073,0.7568829216063623,-0.4855200772225761,0.6186206543912582,-0.10588039292041529,0.5970568003122905,-0.4201871222117636,0.8008279465439284,0.6268712090569399,0.4768550151393395,-0.552807918716778,0.8174981334220541,-0.17726114859647651,0.24534935590308268,-0.46418141943889435,0.09720807792434806,0.24887527893121913,0.038470029030081884,0.21914510375203852
-0.027644916165667652,0.4681741407586745,-0.07364024616582805,-0.16395557553542464,1.595310244317565,0.45125441288893986,0.622163729576668,0.24249586015451313,-0.9491508677207675,-0.15487475171400095,-1.0840551773233378,-0.49357449080596505,0.6756316097515945,0.014411686867288491,-0.26204579114664817,0.5077717104702077,0.8932649148077877,0.856626290690327,-0.5214646881031249,-0.31246899717225346,1.461584582177815,-0.30177432702874823,1.158912556734596,-1.065546456719903,-0.9503290348810967,-0.5178212221970392,-1.4758637163735735,0.05879388710021953,0.6645116738706894,0.6439386240991347,-0.5245299042730984,0.3681140138170401,-0.1079586094266552,0.31313887306963845,-0.6065670519063344,0.43480049552015976,0.02995515738096476,0.2335500717569552,-0.4562073852758699,0.6836181411621715,-0.34319079125940954,0.38870548011143025,-0.504242033124865,0.395114215531418,-0.06093961490908542,0.07244870279378933,0.32759785386609513
-0.03785256610868543,0.1627741278493064,-0.16490104614979845,-0.1968889329574637,1.2087441737027147,0.768586022505488,0.18963334592817752,0.3579800704398671,-0.41624531961175665,-0.27926536366613774,-0.40953229055759705,-0.3008438573673794,0.41799411330709313,-0.2525304466362747,-0.35501596927024925,0.5874685367441078,0.8529181196203777,0.49854006624226394,0.4000483286137727,-0.20701921534364284,1.577259805388446,-0.323493432101116,0.48585056748909916,-1.4727444548486741,-1.517252552830307,-0.38128418335787473,-0.9437684143541322,0.4283466376611688,0.5694682147150844,0.6671479240470511,-0.4832575245185855,0.10705672187886126,-0.36597188931761093,0.9675304452974857,-0.24006056545393642,0.7545554195031235,-0.19328940289839472,0.40607071547099977,-0.6048944585727795,0.6615887961434781,-0.7369752456841872,0.48479720645093205,-0.5947700939199123,0.5910176694408886,0.1833095606103554,0.1349269122442338,0.2910407353592139
