record_id,PHENOTYPE,rs1801131_T,rs1801133_G,rs1045642_G,rs12248560_C,rs4244285_G,rs1799853_C,rs1057910_A,rs4149056_T,rs116855232_C,rs9923231_C,rs2108622_C
CU10090,-9,1,1,2,1,2,2,2,1,2,2,1
WU10018,-9,1,2,0,2,2,2,2,2,2,2,1
WU10087,-9,1,1,2,2,2,2,2,2,2,1,2
WU10088,-9,1,1,1,2,2,2,1,2,2,0,2
WU10089,-9,1,1,1,2,1,2,2,2,2,2,1
WU10090,-9,0,2,1,1,2,2,2,2,2,2,2
WU10093,-9,0,2,0,2,2,2,2,2,2,2,2
WU10094,-9,2,1,1,2,2,2,2,1,2,2,2
WU10095,-9,2,2,1,2,2,2,1,1,2,2,1
WU10096,-9,0,2,1,2,2,1,2,2,2,1,1
WU10097,-9,2,2,2,1,2,2,2,2,2,1,1
WU10098,-9,1,1,2,1,1,2,2,2,2,2,2
WU10099,-9,1,2,1,1,1,2,2,1,2,1,0
WU10104,-9,0,2,1,2,2,2,2,2,2,1,2
WU10105,-9,2,0,0,2,2,1,2,2,2,1,2
WU10106,-9,1,1,0,2,1,1,2,2,2,0,2
WU10107,-9,2,1,2,2,2,1,2,1,2,2,1
WU10108,-9,1,2,1,2,1,2,2,2,2,2,0
WU10110,-9,2,1,0,2,2,2,2,2,2,1,2
WU10111,-9,0,2,0,1,2,1,2,1,2,1,2
WU10112,-9,1,2,0,1,2,2,2,2,2,0,0
WU10114,-9,1,2,1,1,2,2,2,1,2,2,1
WU10116,-9,0,2,0,2,2,2,1,2,2,2,2
WU10118,-9,1,1,1,2,2,2,2,1,2,2,1
WU10123,-9,0,2,2,1,2,2,2,2,2,1,2
WU10125,-9,2,1,1,0,2,2,2,1,2,2,2
WU10126,-9,1,1,1,1,1,2,2,2,2,0,2
WU10127,-9,2,2,2,2,1,1,2,2,2,0,2
WU10128,-9,0,2,1,2,2,2,1,2,2,1,1
WU10001,-9,1,2,1,1,2,2,2,1,2,2,2
WU10002,-9,2,1,1,1,2,2,1,2,2,2,1
WU10003,-9,1,1,0,2,0,2,2,1,2,2,2
WU10004,-9,0,2,1,2,2,2,2,2,2,2,1
WU10005,-9,1,2,1,1,2,2,2,2,2,1,1
WU10006,-9,2,0,1,1,2,2,2,2,2,1,2
WU10010,-9,2,2,2,2,1,2,2,1,2,2,2
WU10012,-9,1,2,0,2,2,1,2,2,2,1,1
WU10013,-9,2,1,1,2,1,2,2,2,2,2,2
WU10014,-9,2,1,1,1,2,2,2,1,2,2,2
WU10015,-9,1,2,0,1,2,2,1,2,2,1,2
WU10016,-9,2,1,2,1,2,2,1,2,2,1,1
WU10017,-9,1,2,2,2,1,1,2,1,2,0,2
WU10020,-9,2,0,0,2,1,2,2,1,2,0,1
WU10021,-9,2,0,1,1,2,2,2,2,2,0,2
WU10023,-9,1,1,1,2,2,0,2,2,2,1,2
WU10024,-9,0,2,1,1,2,2,2,1,2,2,2
WU10025,-9,2,1,1,1,2,2,2,1,2,2,2
WU10027,-9,1,2,2,2,0,2,2,2,2,1,1
WU10028,-9,2,1,1,0,2,2,2,2,2,2,1
WU10030,-9,2,1,2,2,1,2,2,1,2,1,1
WU10031,-9,2,1,1,2,1,1,2,1,2,2,0
WU10033,-9,2,1,1,2,1,1,2,1,2,1,2
WU10036,-9,2,2,1,2,2,2,2,2,2,1,1
WU10037,-9,1,1,1,1,2,2,1,2,2,0,2
WU10038,-9,1,2,0,1,2,2,2,1,2,1,2
WU10039,-9,1,1,1,2,2,2,2,2,2,0,2
WU10040,-9,2,2,1,1,2,2,2,2,2,1,2
WU10041,-9,2,0,1,2,2,2,2,2,2,1,2
WU10042,-9,1,1,2,2,2,2,2,1,2,2,2
WU10043,-9,1,1,1,1,2,2,2,2,2,1,2
WU10044,-9,2,2,0,2,1,1,2,2,2,2,1
,-9,2,1,1,1,2,2,2,2,2,1,1
WU10048,-9,2,1,0,1,2,2,1,2,2,1,2
WU10049,-9,2,0,0,2,2,1,2,2,2,1,2
WU10050,-9,1,1,0,2,2,2,1,2,2,2,1
WU10051,-9,1,1,1,2,0,2,2,2,2,0,2
,-9,0,2,1,2,2,2,2,2,2,1,2
WU10053,-9,2,1,1,1,2,1,2,2,2,1,0
WU10054,-9,1,2,0,2,1,1,2,2,2,1,1
WU10055,-9,1,2,1,2,2,2,2,2,2,1,1
WU10056,-9,2,1,0,1,2,2,1,2,2,1,1
WU10057,-9,2,2,2,2,1,2,2,2,2,2,2
WU10058,-9,0,2,0,2,1,2,2,2,2,2,1
WU10059,-9,0,2,1,2,2,0,2,2,2,2,1
WU10060,-9,0,2,1,2,1,2,2,2,2,1,1
WU10061,-9,2,1,0,2,2,2,2,2,2,1,1
WU10062,-9,1,1,1,2,1,1,2,1,2,1,2
WU10064,-9,2,0,2,1,1,2,2,2,2,1,1
WU10066,-9,2,0,1,2,2,2,2,2,2,2,1
WU10068,-9,1,1,1,2,2,1,2,0,2,2,2
WU10069,-9,2,1,0,2,1,1,2,1,2,2,1
,-9,2,1,1,1,2,2,1,2,2,2,1
WU10071,-9,2,1,1,2,2,1,2,2,2,2,2
WU10072,-9,0,2,0,2,2,2,2,2,2,0,1
WU10073,-9,1,1,0,2,2,1,2,2,2,0,1
WU10074,-9,2,1,1,0,2,2,2,2,2,2,1
WU10075,-9,2,0,0,2,2,2,2,2,2,2,1
WU10076,-9,1,2,1,2,2,2,2,2,2,1,1
WU10077,-9,2,1,1,1,2,2,2,1,2,1,2
WU10080,-9,1,1,1,2,2,2,2,2,2,1,1
WU10083,-9,1,2,0,2,1,2,2,2,2,1,2
WU10084,-9,2,0,1,1,2,2,1,2,2,2,0
WU10085,-9,2,2,1,1,2,2,2,1,2,1,1
WU10131,-9,0,2,1,0,2,2,2,2,2,1,1
WU10132,-9,2,1,0,2,2,2,2,2,2,0,2
WU10133,-9,2,1,0,2,2,2,1,2,2,1,2
WU10135,-9,2,1,1,1,2,2,2,1,2,1,2
WU10136,-9,0,2,1,1,2,2,2,1,2,1,1
WU10032,-9,2,1,0,1,2,1,2,1,2,2,1
WU10137,-9,2,1,1,1,1,2,2,2,2,2,0
WU10138,-9,2,2,0,1,2,1,2,1,1,1,2
WU10140,-9,2,1,1,2,2,1,1,2,2,1,1
WU10143,-9,2,1,1,2,2,1,1,1,2,2,1
WU10145,-9,2,1,1,2,2,2,2,2,2,1,2
,-9,2,1,1,2,1,2,2,2,2,1,2
WU10147,-9,2,2,1,2,1,1,2,2,2,0,2
WU10151,-9,2,2,0,2,2,2,2,1,2,2,2
WU10150,-9,1,1,2,2,2,2,2,2,2,1,2
WU10154,-9,1,2,2,2,2,1,2,1,2,0,2
WU10155,-9,1,1,1,1,2,2,2,2,2,0,0
WU10158,-9,0,2,2,1,1,2,2,1,2,1,2
,-9,1,2,0,2,2,2,2,2,2,2,0
WU10134,-9,2,1,1,2,1,2,2,2,2,2,1
WU10164,-9,1,2,1,2,1,2,2,2,2,1,1
WU10162,-9,1,2,1,1,2,1,2,1,2,2,0
WU10165,-9,2,1,2,1,2,1,2,2,2,1,2
WU10167,-9,2,1,0,2,2,1,2,2,2,1,0
WU10161,-9,0,2,0,2,2,2,2,2,2,2,2
WU10166,-9,1,2,1,1,2,2,2,2,2,1,2
WU10174,-9,2,1,1,1,2,2,1,1,2,2,2
WU10177,-9,2,0,1,1,2,2,2,1,2,1,1
WU10175,-9,1,2,1,2,2,2,1,2,2,1,2
WU10178,-9,0,2,1,1,1,2,2,2,2,1,1
WU10192,-9,2,1,0,2,1,1,2,2,2,1,2
WU10190,-9,2,2,0,2,2,1,2,2,2,2,1
WU10188,-9,0,2,1,1,2,2,2,2,2,1,1
WU10186,-9,2,0,1,2,2,1,2,1,2,2,2
WU10189,-9,2,0,2,1,2,2,2,2,2,0,1
WU10193,-9,1,1,1,2,2,0,2,2,2,0,2
WU10183,-9,0,2,0,2,2,2,1,2,2,1,0
WU10169,-9,1,2,1,2,2,1,2,1,2,0,2
WU10196,-9,1,1,0,2,2,2,2,2,2,0,2
WU10181,-9,2,2,0,1,2,2,2,2,2,2,2
WU10182,-9,1,1,2,2,2,1,2,2,2,0,2
WU10180,-9,2,0,2,1,2,1,2,1,2,1,1
WU10152,-9,1,2,1,2,1,2,2,2,2,1,2
WU20002,-9,1,1,1,1,2,1,2,1,2,1,1
WU20004,-9,2,2,1,1,2,2,2,2,2,0,1
,-9,1,2,0,2,2,2,2,2,2,2,1
WU20006,-9,2,0,1,2,2,2,1,2,2,1,1
WU20001,-9,2,1,0,1,2,1,2,2,2,1,1
UP10001,-9,1,2,1,2,2,2,2,0,2,1,1
CU10041,-9,2,1,2,2,2,2,2,2,2,0,2
CU10083,-9,2,2,1,2,2,2,0,2,2,2,1
CU10049,-9,0,2,1,1,2,2,2,2,2,2,0
CU10081,-9,1,2,1,2,1,2,2,2,2,2,1
CU10109,-9,1,1,1,1,1,2,2,2,2,1,2
CU10060,-9,2,1,1,2,2,2,1,1,2,1,1
CU10111,-9,1,1,1,2,0,2,2,1,2,0,2
CU10141,-9,2,1,1,2,2,2,2,2,2,0,0
CU10112,-9,2,0,2,2,1,1,2,1,2,0,1
CU10074,-9,2,1,1,2,2,2,2,2,2,2,2
CU10101,-9,0,2,0,1,2,2,2,2,2,2,2
CU10079,-9,1,2,1,2,2,1,2,2,2,1,2
CU10068,-9,1,2,1,1,2,2,2,2,2,0,1
CU10091,-9,2,0,1,2,1,2,2,1,2,1,1
CU10063,-9,1,2,2,2,2,2,2,2,2,2,2
CU10053,-9,1,2,2,1,2,1,2,2,2,1,1
CU10045,-9,2,1,0,2,1,2,2,2,2,2,2
CU10073,-9,2,1,0,2,1,2,1,2,2,1,1
CU10097,-9,2,2,2,1,2,2,2,2,2,2,1
CU10138,-9,2,0,0,1,2,2,2,2,2,0,1
UP10003,-9,1,1,1,2,1,2,1,2,2,2,1
UP10004,-9,1,1,1,2,2,2,1,2,2,2,0
UP10005,-9,2,1,2,1,1,2,2,2,2,1,0
UP10006,-9,2,0,0,2,2,1,2,2,2,1,1
UP10008,-9,1,2,0,1,2,2,2,1,2,1,2
UP10009,-9,2,2,0,0,2,2,2,2,2,2,1
UP10010,-9,2,1,1,2,2,1,2,1,2,2,1
UP10011,-9,2,1,0,1,2,1,2,1,2,1,2
UP10012,-9,2,0,1,0,2,2,2,2,2,0,2
UP10018,-9,2,2,2,2,2,2,2,2,2,2,2
UP10020,-9,2,0,2,1,2,2,2,2,2,1,2
UP10021,-9,1,1,2,1,2,2,2,1,2,2,2
UP10022,-9,1,2,0,1,2,2,2,2,2,1,2
UP10024,-9,2,0,0,2,2,2,2,2,2,1,2
UP10027,-9,2,0,2,1,2,2,2,2,2,2,1
,-9,2,1,1,2,1,2,2,0,2,2,1
UP10030,-9,1,1,1,2,1,2,1,2,2,2,2
UP10029,-9,1,2,1,2,1,2,1,2,2,1,2
UP10032,-9,1,2,2,2,2,2,2,2,2,2,1
UP10035,-9,1,1,1,2,2,2,2,2,2,1,0
UP10037,-9,2,2,2,1,2,2,1,1,2,1,2
UP10038,-9,2,1,0,2,2,2,2,2,1,2,0
UP10039,-9,2,1,0,2,2,2,2,1,2,1,2
UP10041,-9,2,2,1,1,1,2,2,1,2,2,2
UT10018,-9,1,2,0,2,1,2,2,2,2,0,1
UT10035,-9,2,1,2,2,2,1,1,2,2,1,2
UT10046,-9,2,2,1,2,2,2,2,2,2,0,2
UT10076,-9,1,1,1,2,2,1,2,1,2,1,2
UT10083,-9,2,0,2,1,2,2,2,1,2,0,2
UT10091,-9,2,0,0,1,2,2,2,1,2,2,1
UT10101,-9,2,1,0,2,2,2,2,2,2,1,2
UT10027,-9,0,2,1,1,2,2,2,2,2,2,2
UT10077,-9,2,1,1,2,2,2,2,2,2,1,1
UT10070,-9,2,1,2,1,2,2,2,2,2,1,0
UT10063,-9,2,1,0,2,2,2,2,2,2,0,0
UT10128,-9,1,2,1,2,2,1,2,1,2,1,1
UT10100,-9,2,0,0,1,2,2,2,1,2,1,2
UT10036,-9,1,2,2,2,2,2,2,2,2,1,1
UT10111,-9,0,2,0,1,2,2,1,2,1,2,0
UT10053,-9,2,1,0,2,2,2,0,2,2,2,2
UT10115,-9,1,2,2,2,1,2,2,2,2,1,1
UT10119,-9,2,0,0,1,2,2,2,2,2,1,1
UT10123,-9,1,2,0,1,1,2,2,0,2,0,2
UT10148,-9,2,2,1,2,1,1,2,2,2,2,2
UT30025,-9,2,2,1,2,1,2,2,2,2,1,2
LA10022,-9,2,1,2,1,2,2,2,2,2,0,0
LA10023,-9,1,1,1,1,2,2,2,2,2,1,0
LA10026,-9,2,0,1,2,1,2,2,2,2,0,1
LA10033,-9,1,2,1,1,2,2,2,1,2,2,1
LA10034,-9,2,0,2,1,1,2,2,2,2,0,1
LA10038,-9,0,2,2,2,2,1,2,1,2,1,1
LA10039,-9,1,2,1,2,2,2,1,2,2,2,1
LA10042,-9,2,2,2,2,2,2,2,1,2,2,1
LA10044,-9,1,2,1,2,2,1,2,1,2,1,2
LA10048,-9,1,1,0,1,2,1,2,2,2,2,1
LA10053,-9,2,1,1,2,2,0,2,2,2,1,1
LA10055,-9,2,2,2,2,2,1,2,1,2,2,1
LA10059,-9,1,1,2,2,2,2,1,1,2,2,1
CU10057,-9,1,2,1,1,2,2,2,2,2,1,2
CU10062,-9,2,0,1,1,2,2,1,2,2,2,2
CU10050,-9,2,0,0,0,2,2,2,1,2,2,0
CU10131,-9,1,1,1,2,2,2,2,2,2,2,0
CU10055,-9,2,0,2,1,2,2,2,2,2,0,0
CU10052,-9,1,1,2,2,2,2,1,2,2,0,0
LA10002,-9,0,2,0,2,2,1,2,1,2,0,2
LA10006,-9,1,2,2,1,1,2,2,2,2,0,1
LA10008,-9,0,2,2,1,2,2,2,2,2,2,2
LA10009,-9,1,2,1,1,1,2,2,1,2,0,1
LA10010,-9,1,1,0,2,1,2,2,2,2,1,2
LA10013,-9,1,2,1,2,2,0,2,2,2,2,2
,-9,1,2,1,1,2,2,2,2,2,2,2
LA10016,-9,2,1,2,0,2,2,2,1,2,2,0
LA10017,-9,2,2,1,2,2,2,2,1,2,1,1
LA10018,-9,2,2,1,2,1,2,2,2,2,2,1
LA10019,-9,1,2,1,1,2,1,2,2,2,1,2
LA10020,-9,2,1,1,2,2,1,2,1,2,1,1
LA10021,-9,1,1,1,2,0,2,2,1,2,1,1
LA10061,-9,2,1,1,2,1,2,2,1,2,2,2
,-9,1,2,0,2,2,2,2,2,2,2,2
LA10063,-9,2,0,1,2,2,2,1,1,2,2,2
LA10064,-9,2,0,2,2,2,0,2,2,2,1,1
LA10065,-9,0,2,1,2,2,2,2,2,2,2,2
LA10067,-9,1,2,1,2,1,2,2,1,2,0,2
LA10068,-9,2,1,1,1,2,2,2,2,2,2,2
LA10069,-9,2,1,0,1,2,2,2,2,2,2,1
LA10070,-9,1,2,0,2,1,2,2,2,2,1,1
LA10071,-9,2,0,1,1,2,2,2,2,2,1,1
LA10072,-9,1,1,0,1,2,2,2,2,2,2,0
LA10073,-9,1,2,1,2,1,2,2,1,2,1,2
LA10074,-9,2,0,1,2,1,2,2,2,2,1,2
LA10076,-9,2,0,1,2,2,2,2,2,1,0,1
LA10078,-9,2,1,1,1,2,1,2,2,2,0,2
LA10079,-9,2,2,0,2,2,2,2,1,2,2,2
LA10080,-9,0,2,2,2,1,2,2,2,2,0,2
LA10081,-9,1,2,2,2,2,2,2,1,2,1,1
LA10082,-9,2,1,2,2,1,2,1,2,2,1,2
LA10083,-9,1,1,1,2,2,2,2,0,2,1,1
LA10086,-9,2,1,2,2,2,2,2,2,2,0,0
LA10088,-9,2,1,0,1,2,2,2,2,2,0,1
LA10089,-9,2,1,1,2,2,2,2,2,2,2,0
LA10090,-9,2,0,0,2,2,2,2,2,2,2,1
LA10091,-9,1,1,1,2,2,1,2,2,2,1,1
LA10093,-9,0,2,0,1,2,1,2,1,2,0,2
LA10094,-9,1,2,1,2,2,2,2,1,2,1,2
LA10095,-9,2,2,1,2,2,2,2,1,2,0,1
LA10096,-9,2,1,1,0,2,2,2,1,2,0,0
LA10097,-9,2,1,0,2,1,2,2,2,2,1,1
LA10098,-9,2,0,2,0,2,2,2,2,2,0,2
LA10099,-9,2,0,2,2,2,2,2,1,2,1,2
,-9,1,2,0,1,1,2,2,2,2,1,1
LA10102,-9,2,1,1,2,2,1,2,2,2,1,1
LA10104,-9,1,1,2,0,2,2,2,2,2,0,2
LA10105,-9,2,0,1,2,2,2,1,1,2,0,2
LA10107,-9,0,2,0,2,2,1,2,1,2,0,2
LA20001,-9,1,2,1,1,2,2,2,2,2,2,2
,-9,2,0,1,2,1,2,2,2,2,1,2
LA20004,-9,2,1,0,2,0,2,2,1,2,1,1
,-9,1,2,0,1,2,2,2,2,2,2,2
LA20007,-9,1,2,2,0,2,2,2,2,2,0,2
LA20009,-9,0,2,0,1,1,2,2,1,2,1,2
LA20011,-9,1,2,1,1,2,2,2,2,2,0,2
LA20012,-9,2,0,2,2,2,1,2,2,2,1,0
LA20015,-9,0,2,2,2,2,0,2,2,2,1,2
LA20016,-9,1,1,1,0,2,2,2,1,2,0,2
LA20017,-9,1,2,0,2,2,2,2,2,2,0,1
LA20019,-9,2,1,1,2,1,2,2,2,2,2,2
,-9,1,1,1,2,2,1,2,1,2,1,1
LA20024,-9,2,1,0,2,2,1,2,2,2,2,1
LA20026,-9,1,1,2,2,2,1,2,2,2,1,0
LA20031,-9,2,1,1,2,1,2,2,2,2,2,2
LA20032,-9,1,1,0,2,1,1,2,1,2,2,0
LA20034,-9,1,1,1,1,1,2,2,2,2,1,2
LA20039,-9,1,2,2,0,2,2,2,2,2,1,2
,-9,1,2,1,1,2,2,2,1,2,0,2
LA20043,-9,1,2,1,2,1,1,2,0,2,2,2
LA20044,-9,2,0,0,2,2,1,2,1,2,1,1
LA20048,-9,1,2,1,1,2,2,2,2,2,0,2
LA20050,-9,1,2,1,1,2,2,2,2,2,0,2
LA10011,-9,2,0,1,2,2,2,2,1,2,1,1
LA10024,-9,2,0,2,2,2,2,2,2,2,1,2
UP10042,-9,2,1,1,0,2,2,2,2,2,2,2
UP10043,-9,1,1,1,2,2,2,2,2,2,1,2
UP10044,-9,0,2,1,1,2,2,1,2,2,1,1
UP10047,-9,2,0,2,2,2,1,1,1,2,2,2
UP10049,-9,2,1,2,2,1,2,2,2,2,2,2
UP10050,-9,2,1,1,2,2,2,2,2,2,0,2
UP10051,-9,2,1,1,2,2,2,2,2,2,1,2
UP10052,-9,2,2,1,2,2,1,2,2,2,2,2
UP10053,-9,2,1,1,1,2,2,2,1,2,1,2
UP10055,-9,2,0,0,2,1,2,2,1,2,2,2
,-9,1,1,1,2,2,1,2,1,2,2,2
UP10058,-9,0,2,2,2,2,2,2,1,2,1,2
UP10060,-9,2,1,1,2,2,1,2,2,2,2,1
UP10061,-9,2,1,2,1,1,2,2,2,2,0,1
UP10062,-9,1,1,1,2,2,1,2,1,2,2,1
UP10063,-9,2,1,1,2,1,1,2,2,2,1,2
UP10065,-9,2,1,1,2,2,2,2,2,2,1,1
UP10066,-9,1,1,1,1,2,2,1,2,2,0,2
UP10067,-9,2,0,1,2,1,1,2,1,2,2,2
UP10068,-9,2,2,1,2,2,1,1,2,2,2,2
UP10070,-9,2,1,0,2,2,1,2,2,2,1,1
UP10071,-9,1,1,1,1,2,2,2,2,2,2,2
UP10075,-9,2,0,2,1,2,2,2,2,2,2,1
UP10076,-9,1,2,0,2,2,2,1,2,2,0,1
UP10077,-9,2,1,1,1,2,2,2,1,2,1,2
UP10079,-9,2,0,2,2,1,2,2,2,2,2,1
UP10080,-9,2,1,1,2,2,1,2,1,2,2,2
UP10081,-9,2,2,1,2,1,1,2,2,2,1,1
UP10083,-9,2,2,1,1,2,2,2,2,2,2,2
UP10085,-9,1,2,1,2,2,2,1,2,2,2,1
UP10086,-9,1,2,0,2,2,2,1,2,2,1,1
UP10087,-9,1,2,1,2,2,2,1,1,2,0,0
UP10090,-9,2,1,1,2,2,2,2,2,2,0,2
UP10092,-9,2,2,0,2,1,1,2,2,2,2,0
UP10094,-9,1,2,1,2,2,2,2,1,2,1,1
UT10106,-9,1,1,1,1,2,2,2,2,2,1,2
UT10116,-9,2,1,1,2,1,2,2,2,2,2,2
UT10130,-9,1,2,2,2,2,2,1,2,2,2,2
UT30008,-9,0,2,1,2,2,1,2,1,2,2,1
UT10151,-9,2,1,0,1,2,2,2,2,2,2,1
UT10078,-9,1,1,2,2,2,2,2,2,2,0,2
UT10109,-9,2,0,2,1,2,2,2,2,2,2,2
UT10058,-9,1,1,1,2,2,1,2,1,2,1,0
UT10075,-9,2,1,0,2,2,1,2,2,2,2,1
UT10082,-9,1,1,1,2,2,1,1,2,2,1,2
UT10068,-9,0,2,1,2,1,2,2,2,2,2,2
UT10043,-9,2,1,0,1,2,2,1,2,2,0,0
UT10016,-9,0,2,0,1,2,2,2,2,2,2,2
UP10096,-9,1,2,2,2,1,2,2,2,2,1,2
UP10099,-9,2,2,1,2,2,2,2,2,2,1,1
UP10101,-9,0,2,1,1,2,2,2,2,2,1,1
UP10103,-9,0,2,1,1,2,1,2,2,2,0,1
UP10104,-9,1,2,1,2,0,1,2,2,2,2,1
UP10105,-9,1,2,1,2,2,2,2,2,2,2,1
UP10107,-9,0,2,1,2,2,1,2,2,2,1,1
UP10109,-9,1,1,2,2,2,2,2,1,2,0,1
UP10110,-9,1,1,1,2,1,1,2,2,2,2,0
UP10111,-9,1,2,0,2,2,1,2,2,2,0,2
UP10113,-9,1,1,1,2,1,2,2,1,2,2,1
UP10125,-9,2,1,1,2,2,1,2,2,2,2,2
UP10126,-9,2,1,2,2,2,1,2,1,2,1,2
,-9,0,2,1,1,2,2,2,2,2,2,1
UP10132,-9,1,1,0,1,1,2,2,2,2,1,2
UP10133,-9,1,1,1,2,2,2,1,1,2,1,1
UP10134,-9,1,1,1,1,2,2,2,1,2,1,1
UP10135,-9,1,2,1,2,1,1,2,2,2,1,2
UP10137,-9,2,1,1,2,2,1,2,2,2,2,1
UP10138,-9,1,2,2,2,1,2,2,1,2,1,2
,-9,1,1,1,2,1,2,1,2,2,2,0
UP10140,-9,2,1,2,2,0,2,2,1,2,1,1
UP10143,-9,1,2,1,2,2,1,1,2,2,1,1
UP10144,-9,1,2,1,1,2,2,2,1,2,2,2
UP10145,-9,1,1,0,2,2,2,0,2,2,2,2
UP10146,-9,2,2,1,2,0,2,2,2,2,1,2
UP10147,-9,2,1,2,1,2,1,2,2,2,1,1
UP10148,-9,2,1,1,2,2,2,2,2,2,1,2
UP10149,-9,2,1,2,1,2,1,2,2,2,1,1
UP10150,-9,1,2,2,0,2,2,2,2,2,1,2
UP10151,-9,2,2,0,2,1,2,2,1,2,2,2
UP10152,-9,1,2,0,0,2,2,2,2,2,1,1
up10153,-9,1,2,1,1,2,2,2,2,2,1,2
UP10154,-9,2,2,2,2,2,2,2,2,2,2,1
UP10155,-9,1,1,0,1,2,1,2,2,2,1,2
UP10156,-9,0,2,2,1,2,2,2,2,2,0,2
CU10016,-9,2,0,1,1,2,2,2,2,2,0,2
CU10012,-9,1,2,2,1,2,2,2,2,2,1,1
CU10009,-9,1,1,1,2,2,2,0,2,2,0,1
CU10142,-9,1,2,2,1,1,2,2,2,2,1,2
CU10086,-9,1,1,0,2,2,2,2,1,2,2,2
CU10145,-9,2,1,1,1,2,2,2,2,2,1,2
CU10035,-9,2,1,0,2,2,2,1,2,2,1,2
CU10123,-9,2,1,1,2,2,2,1,2,2,0,2
CU10005,-9,0,2,2,1,2,2,2,1,1,2,1
CU10033,-9,2,0,1,2,2,2,1,2,2,1,1
CU10003,-9,2,0,0,1,2,2,2,2,2,1,1
CU10007,-9,1,1,1,1,1,2,2,2,2,2,2
CU10021,-9,1,2,1,2,1,2,2,2,2,2,2
CU10099,-9,1,1,1,0,2,2,2,2,2,1,1
CU10038,-9,1,2,2,2,1,2,2,2,2,1,1
CU10020,-9,1,2,1,2,2,1,2,2,2,1,1
CU10013,-9,2,0,1,1,2,2,2,2,2,1,1
CU10121,-9,1,1,0,1,2,2,2,2,2,2,2
CU10011,-9,2,2,2,2,1,2,2,2,2,2,1
CU10089,-9,1,1,1,2,2,2,2,2,2,2,1
CU10022,-9,2,1,1,2,2,2,2,1,2,0,1
CU10002,-9,1,1,1,2,0,2,2,2,2,1,1
UT10118,-9,1,1,1,2,1,2,2,1,2,1,0
UT10134,-9,0,2,1,1,2,2,2,2,2,1,1
UT10144,-9,0,2,2,1,2,2,2,2,2,1,2
UT30011,-9,1,1,1,2,2,2,0,2,2,1,2
UT30014,-9,1,1,1,2,2,2,1,2,2,0,2
UT10033,-9,1,2,1,2,1,2,2,2,2,2,0
UT10079,-9,1,1,1,1,2,2,2,2,2,1,2
UT10150,-9,2,0,1,2,2,2,1,2,2,2,1
UT10054,-9,1,1,1,2,2,2,2,1,2,1,2
UT10019,-9,1,2,1,2,2,2,2,1,2,1,2
UT10039,-9,2,2,1,2,2,2,1,2,2,1,1
UT30023,-9,0,2,2,2,2,2,2,1,2,1,2
UT10099,-9,1,2,1,1,2,2,2,1,2,0,2
UT10048,-9,1,1,1,1,2,1,2,1,2,1,1
UT10025,-9,2,1,2,1,2,1,2,2,2,1,1
UT30017,-9,2,1,1,1,2,2,2,2,2,1,1
UT10004,-9,2,0,1,2,2,2,2,1,2,1,2
UT30019,-9,2,1,1,1,2,2,2,2,2,0,1
UT10024,-9,2,0,1,2,1,2,2,2,2,0,0
UP10157,-9,1,2,0,2,2,2,2,1,2,2,1
UP10158,-9,1,1,1,2,2,2,1,2,1,1,1
UP10160,-9,2,0,2,1,1,2,2,1,2,2,2
UP10161,-9,0,2,1,0,2,2,2,1,2,1,1
,-9,1,2,1,1,2,2,2,1,2,0,2
UP10167,-9,2,0,1,2,2,1,2,2,2,2,2
UP10168,-9,1,2,1,1,1,2,2,1,2,2,2
UP10169,-9,1,1,0,2,2,2,2,2,2,0,1
UP10170,-9,0,2,1,2,2,1,2,2,2,1,1
UP10171,-9,1,2,1,1,1,2,2,2,2,2,1
UP10172,-9,2,2,1,1,2,2,2,2,2,1,0
UP10173,-9,1,1,1,2,2,2,2,2,2,1,1
,-9,2,0,0,1,2,2,2,2,2,2,2
UP10175,-9,2,1,2,0,2,2,2,2,2,2,1
UP10179,-9,2,1,1,2,2,2,2,2,2,1,2
UP10180,-9,2,0,0,2,2,2,2,1,2,2,0
UP10184,-9,2,1,1,2,1,2,2,1,2,1,2
UP10187,-9,1,2,0,1,2,2,2,2,2,1,2
UP10188,-9,1,1,0,2,2,2,2,2,2,1,1
UP10189,-9,1,2,0,2,1,1,2,2,2,0,1
UP10191,-9,2,1,2,1,2,2,1,1,2,1,1
UP10196,-9,2,0,1,2,2,1,2,2,2,0,2
UP10198,-9,1,1,1,1,2,1,2,2,2,2,1
UP10201,-9,2,1,1,2,2,1,2,2,2,2,2
UP10202,-9,1,2,1,2,2,2,2,2,2,1,2
,-9,2,1,1,2,2,1,2,2,2,1,0
UP10208,-9,2,0,0,2,0,2,2,2,2,2,2
UP10213,-9,1,2,0,1,1,2,2,1,2,2,1
UP10214,-9,1,1,1,1,2,2,1,2,2,1,2
UP10216,-9,1,2,1,1,2,2,2,2,2,1,2
,-9,2,0,0,2,2,2,2,2,2,2,0
UP10219,-9,2,0,1,2,1,1,2,2,2,2,2
UP10220,-9,2,1,0,2,1,2,2,2,2,1,1
UP10223,-9,2,1,1,1,1,2,2,2,2,2,2
UP10225,-9,2,1,0,2,1,2,2,2,2,1,2
UP10227,-9,0,2,1,2,2,2,2,1,2,2,1
UP10228,-9,1,1,1,2,2,2,1,1,2,1,1
UP10229,-9,2,1,1,1,2,2,2,2,2,2,0
UP10230,-9,2,1,2,2,2,2,2,2,2,2,2
UP10231,-9,2,0,0,1,2,2,2,2,2,1,2
,-9,2,0,2,2,2,1,2,1,2,1,2
UP10240,-9,1,1,1,1,2,1,2,1,2,2,1
UP10241,-9,2,1,1,1,1,2,2,2,2,1,2
UP10242,-9,1,2,1,2,2,1,2,2,2,2,1
UP10248,-9,2,1,1,2,1,2,2,2,2,1,1
UP10249,-9,2,0,2,1,2,2,2,1,2,2,1
UP10250,-9,2,0,2,2,1,1,2,1,2,0,0
,-9,1,2,2,2,1,2,2,2,2,1,1
UP10255,-9,0,2,0,2,1,1,2,1,2,2,1
UP10257,-9,1,1,1,2,2,1,2,1,2,2,2
UP10261,-9,2,1,1,2,2,2,2,2,2,1,2
UP10262,-9,2,0,2,2,2,2,2,1,2,0,2
UP10266,-9,1,1,0,2,1,2,1,1,2,1,1
UP10267,-9,1,1,0,1,2,1,2,2,2,1,1
UP10269,-9,1,2,1,1,1,2,2,2,2,1,2
UP10270,-9,2,1,0,2,2,2,1,1,2,2,1
UP10271,-9,1,1,0,1,2,1,2,2,2,2,2
UP10276,-9,2,1,1,1,1,2,2,1,2,1,2
UP10279,-9,2,0,1,2,2,1,2,2,2,2,2
UP10280,-9,2,2,2,2,2,2,1,2,2,1,1
LA10036,-9,1,1,1,2,2,2,1,2,2,2,2
WU10092,-9,1,2,1,0,2,2,2,1,2,2,1
WU10115,-9,1,2,2,1,2,2,2,2,2,2,2
WU10119,-9,2,2,0,1,2,2,2,2,2,2,2
WU10122,-9,2,2,1,2,1,2,2,2,2,2,2
WU10124,-9,2,2,1,2,2,1,2,2,2,2,2
WU10008,-9,1,2,1,1,1,2,2,2,2,2,1
WU10009,-9,1,2,2,1,2,2,2,2,2,1,2
,-9,2,2,1,2,2,2,2,2,2,2,2
WU10026,-9,2,2,2,1,2,2,2,2,2,2,2
WU10065,-9,1,2,2,2,2,2,2,2,2,2,2
,-9,2,2,2,2,1,2,2,2,2,2,2
CU10114,-9,2,2,2,2,2,2,2,2,2,2,2
CU10059,-9,2,1,1,2,1,2,2,0,2,2,2
UP10026,-9,0,2,2,1,1,2,2,2,2,2,1
UP10033,-9,1,2,2,2,2,2,2,2,2,2,2
LA10030,-9,1,2,2,2,2,2,2,2,2,2,2
LA10040,-9,2,2,2,1,2,2,2,2,2,2,2
LA10049,-9,2,2,1,2,2,2,2,2,2,2,1
LA10051,-9,1,2,2,1,2,2,2,2,2,2,2
LA10054,-9,2,2,2,2,0,2,2,2,2,2,2
LA10056,-9,1,2,2,2,2,2,2,2,2,2,2
CU10066,-9,2,2,2,1,1,2,2,2,2,2,1
LA10060,-9,2,2,2,2,2,2,2,2,2,1,2
LA10075,-9,2,2,1,2,2,1,2,2,2,1,2
LA10085,-9,2,1,2,2,2,2,2,2,2,2,2
,-9,2,2,2,2,2,2,2,1,2,2,2
UT10124,-9,2,2,1,1,1,2,2,2,2,2,2
UP10136,-9,2,1,0,1,2,2,2,2,2,2,2
UP10141,-9,2,2,1,2,2,2,2,2,2,2,2
CU10019,-9,2,2,2,2,2,2,2,2,2,2,2
CU10031,-9,1,2,1,1,2,2,2,2,2,2,1
UT10060,-9,2,2,2,2,2,2,2,2,2,2,2
UP10183,-9,1,2,1,1,1,2,2,2,2,2,1
UP10209,-9,1,2,2,2,1,2,2,2,2,2,2
UP10210,-9,2,1,2,2,1,2,2,2,2,1,2
UT10021,-9,1,2,0,2,1,2,2,2,1,0,2
LA10032,-9,2,1,2,2,1,2,2,2,2,0,2
LA10043,-9,2,1,0,2,0,2,2,2,2,2,0
LA10058,-9,2,1,1,2,0,2,2,2,1,0,2
LA20021,-9,2,2,1,2,1,2,2,1,2,0,1
UT10146,-9,1,2,1,2,0,2,2,2,2,1,2
CU10018,-9,2,1,0,1,2,2,2,2,1,2,2
UP10218,-9,2,0,2,2,2,2,2,2,2,2,1
CU10077,-9,2,0,1,2,2,0,2,2,2,1,1
WU10103,-9,1,1,0,1,2,2,2,2,2,1,2
WU10113,-9,2,1,2,2,2,1,2,1,2,2,0
WU10035,-9,1,2,1,2,1,2,2,1,2,0,1
CU10088,-9,1,2,1,1,2,2,2,2,2,2,2
CU10069,-9,2,2,2,2,2,2,2,2,2,2,2
LA10052,-9,2,2,1,2,1,1,2,2,2,2,1
CU10054,-9,2,1,2,2,2,2,2,2,2,1,1
LA10001,-9,2,1,1,2,2,2,1,2,2,2,2
LA20053,-9,2,2,2,2,2,2,2,2,2,1,2
CU10037,-9,2,2,1,1,2,2,2,2,2,2,2
CU10030,-9,1,2,1,0,2,2,2,2,2,2,2
UP10074,-9,2,1,0,1,2,2,2,2,2,1,2
UT10126,-9,0,2,0,2,0,2,2,2,1,1,1
UP10098,-9,2,2,1,2,2,2,2,2,2,1,2
CU10008,-9,2,1,1,2,2,2,2,2,2,1,2
CU10027,-9,2,2,2,2,1,2,2,2,2,2,2
CU10130,-9,1,2,1,2,2,2,2,2,2,2,1
CU10006,-9,2,2,1,2,2,1,2,1,2,1,1
CU10071,-9,1,2,2,2,2,1,2,2,2,2,1
UP10176,-9,2,2,2,2,2,1,2,2,2,2,2
UP10204,-9,2,1,1,1,1,2,2,2,2,1,2
